{"cameraMode":{"drawMode":0,"name":"Shaded","section":"Shading Mode"},"sceneLighting":true,"audioPlay":false,"sceneViewState":{"showFog":true,"showMaterialUpdate":false,"showSkybox":false,"showFlares":true,"showImageEffects":true,"showParticleSystems":true},"in2DMode":false,"pivot":{"x":24.77235984802246,"y":2.8749608993530275,"z":25.245540618896486},"rotation":{"x":0.05125742405653,"y":-0.7906966805458069,"z":0.06681680679321289,"w":0.6064512729644775},"size":3.7715213298797609,"orthographic":false}