{"cameraMode":{"drawMode":0,"name":"Shaded","section":"Shading Mode"},"sceneLighting":true,"audioPlay":false,"sceneViewState":{"showFog":true,"showMaterialUpdate":false,"showSkybox":false,"showFlares":true,"showImageEffects":true,"showParticleSystems":true},"in2DMode":false,"pivot":{"x":304.0233154296875,"y":-1.178537368774414,"z":461.580078125},"rotation":{"x":0.09309910982847214,"y":-0.601832926273346,"z":0.07093404978513718,"w":0.790019154548645},"size":12.009933471679688,"orthographic":false}