{"cameraMode":{"drawMode":0,"name":"Shaded","section":"Shading Mode"},"sceneLighting":true,"audioPlay":false,"sceneViewState":{"showFog":true,"showMaterialUpdate":false,"showSkybox":false,"showFlares":true,"showImageEffects":true,"showParticleSystems":true},"in2DMode":false,"pivot":{"x":305.61865234375,"y":-8.153210639953614,"z":473.9800109863281},"rotation":{"x":-0.17306341230869294,"y":0.820183515548706,"z":-0.3231396973133087,"w":-0.43926575779914858},"size":26.513858795166017,"orthographic":false}