{"cameraMode":{"drawMode":0,"name":"Shaded","section":"Shading Mode"},"sceneLighting":true,"audioPlay":false,"sceneViewState":{"showFog":true,"showMaterialUpdate":false,"showSkybox":false,"showFlares":true,"showImageEffects":true,"showParticleSystems":true},"in2DMode":false,"pivot":{"x":22.643348693847658,"y":5.484372615814209,"z":30.64548683166504},"rotation":{"x":0.2586440443992615,"y":-0.7413293719291687,"z":0.4341788589954376,"w":0.4416569173336029},"size":24.200443267822267,"orthographic":false}